timestamp,height_px,height_cm,height_cm_smooth,method
20251112_022302,37,,,hsv
20251112_022314,45,,,hsv
20251112_022318,34,,,hsv
20251112_022322,35,,,hsv
20251112_022325,42,,,hsv
20251112_022329,1066,,,yolo
20251112_022333,145,,,hsv
20251112_022336,857,,,yolo
20251112_022340,74,29.61,29.61,hsv
20251112_023945,42,,,hsv
20251112_023949,29,,,hsv
20251112_023953,40,,,hsv
20251112_023957,219,,,hsv
20251112_024000,56,,,hsv
20251112_024004,30,,,hsv
20251112_024008,81,,,hsv
20251112_024013,136,,,hsv
20251112_024017,591,,,yolo
20251112_024018,779,,,yolo
20251112_024019,538,,,yolo
20251112_024024,35,,,hsv
20251112_024027,93,,,hsv
20251112_024031,48,,,hsv
20251112_024038,55,,,hsv
20251112_024040,73,1.43,1.22,hsv
20251112_024046,50,0.97,1.01,hsv
20251112_024050,616,14.68,0.97,yolo
20251112_024052,37,1.23,9.78,hsv
20251112_024055,115,3.88,5.90,hsv
20251112_024057,64,2.20,3.42,hsv
20251112_024058,88,3.59,4.05,hsv
20251112_024100,90,3.21,3.15,hsv
20251112_024102,100,3.25,3.33,hsv
20251112_024104,490,15.97,5.44,yolo
20251112_024106,76,2.48,4.96,hsv
20251112_024109,668,21.77,19.58,yolo
20251112_024111,55,1.79,7.88,hsv
20251112_024116,47,1.53,5.98,hsv
20251112_024118,532,20.42,16.72,yolo
20251112_024122,424,19.23,18.63,yolo
20251112_024124,219,9.64,16.80,hsv
20251112_024126,367,16.17,16.94,yolo
20251112_024127,494,21.66,18.17,yolo
20251112_024129,482,21.48,22.06,yolo
20251112_024132,506,22.51,21.91,yolo
20251112_024137,483,21.35,20.34,yolo
20251112_024138,383,18.91,17.80,yolo
20251112_024140,336,16.06,16.14,yolo
20251112_024142,493,22.06,21.09,yolo
20251112_024144,480,21.47,21.21,yolo
20251112_024145,491,21.99,20.32,yolo
20251112_024147,335,14.95,14.76,yolo
20251112_024151,591,26.57,16.02,yolo
20251112_024153,672,17.73,21.01,yolo
20251112_024156,666,17.58,16.34,yolo
20251112_024158,661,17.44,8.93,yolo
20251112_024159,793,20.93,18.78,yolo
20251112_024201,727,19.19,17.12,yolo
20251112_024203,646,17.05,17.37,yolo
20251112_024205,644,17.00,16.78,yolo
20251112_024207,644,17.00,17.07,yolo
20251112_024208,657,17.34,17.36,yolo
20251112_024223,217,10.33,2.84,hsv
20251112_024401,74,1.35,1.49,hsv
20251112_024405,114,2.07,1.55,hsv
20251112_024414,40,14.02,1.17,hsv
20251112_024417,34,11.91,8.64,hsv
20251112_024437,393,7.15,1.54,hsv
20251112_024440,494,8.98,5.41,yolo
20251112_024443,588,10.69,10.16,yolo
20251112_024447,34,3.67,8.40,hsv
20251112_024452,36,3.88,7.04,hsv
20251112_024502,55,5.93,6.10,hsv
20251112_025629,69,1.25,1.02,hsv
20251112_025633,905,16.45,1.02,yolo
20251112_025636,1054,19.16,17.91,yolo
20251112_025638,945,17.18,17.63,yolo
20251112_025641,1007,18.31,17.74,yolo
20251112_025643,1031,18.75,18.66,yolo
20251112_025645,991,18.02,18.13,yolo
20251112_025648,965,17.55,18.53,yolo
20251112_025651,38,0.69,2.41,hsv
20251112_025658,445,8.09,1.05,hsv
20251112_025701,826,15.02,10.80,yolo
20251112_025706,482,8.76,12.17,hsv
20251112_025715,988,17.96,13.91,yolo
20251112_025718,808,14.69,14.76,yolo
20251112_025721,867,15.76,15.76,yolo
20251112_025723,848,15.42,15.48,yolo
20251112_025726,856,15.56,15.46,yolo
20251112_025729,850,15.45,15.45,yolo
20251112_025731,872,15.85,15.54,yolo
20251112_025735,37,0.67,3.52,hsv
20251112_025741,41,0.75,0.88,hsv
20251112_025746,43,0.78,0.84,hsv
20251112_025751,36,0.65,0.75,hsv
20251112_025758,38,1.44,13.34,hsv
20251112_025802,36,1.39,7.35,hsv
20251112_025805,35,1.35,5.55,hsv
20251112_025809,51,1.97,4.20,hsv
20251112_025822,35,1.40,3.36,hsv
20251112_025825,34,1.36,2.32,hsv
20251112_030555,40,0.73,0.87,hsv
20251112_030559,1028,18.69,15.28,yolo
20251112_030604,48,0.87,10.87,hsv
20251112_030609,506,9.20,12.61,hsv
20251112_030613,779,14.16,14.59,yolo
20251112_030617,545,9.91,11.08,yolo
20251112_030624,46,0.84,2.82,hsv
20251112_030629,1075,19.55,4.46,yolo
20251112_030633,827,15.04,14.53,hsv
20251112_030637,849,15.44,15.74,hsv
20251112_030640,986,17.93,16.26,yolo
20251112_030703,50,0.91,6.19,hsv
20251112_030707,463,8.42,2.03,hsv
20251112_030716,137,2.49,3.00,hsv
20251112_030720,42,0.76,1.51,hsv
20251112_030723,66,1.20,1.06,hsv
20251112_030727,1080,19.64,0.77,yolo
20251112_030730,1067,19.40,6.50,yolo
20251112_030734,167,3.04,7.35,hsv
20251112_030739,37,0.67,2.66,hsv
20251112_030743,955,17.36,15.48,yolo
20251112_030748,44,0.80,6.26,hsv
20251112_030752,729,13.25,0.86,yolo
20251112_030757,751,13.65,0.96,yolo
20251112_030801,63,1.15,1.85,hsv
20251112_030805,67,1.22,3.64,hsv
20251112_030852,913,,,hsv
20251112_030857,81,,,hsv
20251112_030900,89,,,hsv
20251112_030904,467,,,hsv
20251112_030915,45,,,hsv
20251112_030921,47,,,hsv
20251112_030928,113,1.67,1.67,hsv
20251112_030935,145,2.14,2.35,hsv
20251112_030940,65,0.96,1.24,hsv
20251112_031007,1080,,,hsv
20251112_031010,1080,,,hsv
20251112_031014,1080,,,hsv
20251112_031018,1080,,,hsv
20251112_031022,1080,31.86,31.86,hsv
20251112_031026,1080,31.86,31.86,hsv
20251112_031030,102,3.01,6.69,hsv
20251112_031033,56,1.65,2.58,hsv
20251112_031038,1010,29.79,29.32,yolo
20251112_031054,67,,,hsv
20251112_031057,731,,,hsv
20251112_031101,77,,,hsv
20251112_031104,86,3.31,3.79,hsv
20251112_031108,77,2.96,4.14,hsv
20251112_031112,928,35.71,13.10,yolo
20251112_031116,43,1.65,4.30,hsv
20251112_031121,1080,41.56,32.77,hsv
20251112_031136,1080,,,yolo
20251112_031156,1080,,,yolo
20251112_031200,1080,,,yolo
20251112_031204,1080,19.42,15.60,yolo
20251112_031208,877,15.77,16.17,yolo
20251112_031216,603,10.85,14.22,hsv
20251112_031306,58,,,hsv
20251112_031309,86,,,hsv
20251112_031313,1059,38.03,1.38,yolo
20251112_031318,59,2.12,2.04,hsv
20251112_031322,1074,38.57,33.42,yolo
20251112_031326,33,1.19,9.10,hsv
20251112_031330,32,1.15,4.08,hsv
20251112_031334,506,18.17,20.07,yolo
20251112_031338,791,28.41,28.59,yolo
20251112_031342,796,28.59,28.13,yolo
20251112_031347,38,1.36,19.90,hsv
20251112_031351,843,30.28,31.57,hsv
20251112_031355,431,15.48,6.39,yolo
20251112_031423,1080,,,yolo
20251112_031427,1053,,,yolo
20251112_031431,1045,10.50,10.57,yolo
20251112_031435,1080,10.85,1.40,yolo
20251112_031439,1080,10.85,10.85,yolo
20251112_031443,943,9.48,9.41,yolo
20251112_031447,1073,10.78,10.83,yolo
20251112_031526,1068,,,yolo
20251112_031531,1028,27.33,27.96,yolo
20251112_031535,1078,28.66,26.69,yolo
20251112_031558,39,16.37,24.37,hsv
20251112_031732,1024,,,hsv
20251112_031735,960,,,hsv
20251112_031739,881,,,hsv
20251112_031806,48,17.62,17.62,hsv
20251112_031813,161,3.10,13.26,hsv
20251112_031901,959,22.79,22.33,hsv
20251112_031905,959,23.27,23.60,hsv
20251112_031908,721,20.70,25.28,hsv
20251112_031912,682,20.51,21.10,hsv
20251112_031916,744,21.95,25.29,hsv
20251112_031920,698,21.28,23.58,hsv
20251112_031924,697,21.25,21.41,hsv
20251112_031927,784,24.58,24.68,hsv
20251112_031931,712,22.42,22.88,hsv
20251112_032134,760,23.49,16.89,yolo
20251112_032138,760,26.41,5.57,yolo
20251112_032142,758,28.16,4.38,yolo
20251112_032146,753,32.46,4.62,yolo
20251112_032150,759,29.69,3.91,yolo
20251112_032153,753,30.44,11.73,yolo
20251112_032157,760,30.50,5.32,yolo
20251112_032201,750,36.36,15.00,yolo
20251112_032205,721,30.03,3.86,yolo
20251112_032209,498,20.74,16.47,hsv
20251112_032444,655,23.42,19.20,hsv
20251112_032447,668,36.87,28.50,yolo
20251112_032451,668,32.80,15.13,yolo
20251112_032454,667,28.19,27.64,yolo
20251112_032458,668,38.31,35.58,yolo
20251112_032502,668,29.77,30.14,yolo
20251112_032506,35,1.56,19.12,hsv
20251112_032509,642,37.42,34.26,hsv
20251112_032513,658,33.77,33.64,hsv
20251112_032516,617,31.08,33.78,hsv
20251112_032520,656,33.23,33.27,hsv
20251112_032524,652,38.22,35.73,hsv
20251112_032527,589,29.36,28.45,hsv
20251112_032531,666,32.60,31.07,yolo
20251112_032737,598,17.59,17.59,yolo
20251112_032741,794,27.90,25.66,yolo
20251112_032745,39,1.68,13.28,hsv
20251112_032825,977,,,hsv
20251112_032833,632,215.18,215.18,yolo
20251112_032837,47,16.00,155.43,hsv
20251112_032845,71,24.17,63.27,hsv
20251112_032911,40,1.55,35.04,hsv
20251112_032916,52,1.79,8.05,hsv
20251112_032920,94,3.24,11.12,hsv
20251112_032955,40,1.45,1.45,hsv
20251112_033001,31,1.12,4.86,hsv
20251112_033044,645,22.79,23.10,hsv
20251112_033047,638,26.39,25.23,hsv
20251112_033051,633,22.25,22.29,hsv
20251112_033054,622,21.82,21.92,hsv
20251112_033058,597,21.03,21.72,hsv
20251112_033101,677,28.40,28.14,hsv
20251112_033104,677,30.01,29.50,hsv
20251112_033108,607,23.21,23.26,hsv
20251112_033111,616,22.24,24.87,hsv
20251112_033115,513,27.63,27.59,hsv
20251112_033119,591,38.89,36.30,hsv
20251112_033122,554,33.58,38.68,hsv
20251112_033126,667,40.33,36.12,yolo
20251112_033130,662,39.38,40.17,yolo
20251112_033134,664,38.80,35.42,yolo
20251112_033137,494,28.11,30.64,hsv
20251112_033141,642,36.10,35.80,yolo
20251112_033145,638,34.57,33.64,yolo
20251112_033149,656,31.57,32.24,yolo
20251112_033152,638,27.75,28.12,yolo
20251112_033159,47,2.01,10.64,hsv
20251112_033206,75,5.09,10.64,hsv
20251112_033210,41,2.78,10.64,hsv
20251112_033213,584,23.19,24.15,hsv
20251112_033217,666,29.70,29.27,yolo
20251112_033221,640,29.70,28.48,yolo
20251112_033224,630,34.76,27.33,yolo
20251112_033228,653,32.90,30.14,yolo
20251112_033232,617,30.92,29.46,yolo
20251112_033236,642,31.44,32.89,yolo
20251112_033239,644,35.43,33.67,yolo
20251112_033243,541,28.52,28.49,yolo
20251112_033247,653,42.06,36.71,yolo
20251112_033250,642,39.30,34.87,yolo
20251112_033254,657,40.57,39.26,yolo
20251112_033258,667,41.22,37.94,yolo
20251112_033302,669,41.13,39.40,yolo
20251112_033306,49,2.98,19.56,hsv
20251112_095049,52,,,hsv
20251112_095054,807,,,hsv
20251112_095059,51,,,hsv
20251112_095103,536,,,hsv
20251112_095107,536,,,hsv
20251112_095112,536,,,hsv
20251112_095116,536,,,hsv
20251112_095120,536,,,hsv
20251112_095124,536,,,hsv
20251112_095129,536,,,hsv
20251112_095133,536,,,hsv
20251112_095137,536,,,hsv
20251112_095141,536,,,hsv
20251112_095146,536,,,hsv
20251112_095150,536,,,hsv
20251112_095154,536,,,hsv
20251112_095158,536,,,hsv
20251112_095203,536,,,hsv
20251112_095207,536,,,hsv
20251112_095211,536,,,hsv
20251112_095215,536,,,hsv
20251112_095220,536,,,hsv
20251112_095224,536,,,hsv
20251112_095228,536,,,hsv
20251112_095233,536,,,hsv
20251112_095237,536,,,hsv
20251112_095257,385,,,hsv
20251112_095301,394,,,hsv
20251112_095306,67,,,hsv
20251112_095311,115,,,hsv
20251112_095316,48,,,hsv
20251112_095321,167,,,hsv
20251112_095326,156,,,hsv
20251112_095334,58,12.83,12.83,hsv
20251112_101944,59,,,hsv
20251112_101948,132,,,hsv
20251112_101953,644,,,hsv
20251112_101957,64,,,hsv
20251112_102002,91,,,hsv
20251112_102006,65,,,hsv
20251112_102011,914,,,hsv
20251112_102015,886,,,hsv
20251112_102020,822,,,hsv
20251112_102026,47,1.91,1.91,hsv
20251112_102030,524,24.22,22.68,hsv
20251112_102033,524,26.64,26.36,hsv
20251112_102037,524,29.92,17.64,hsv
20251112_102041,524,20.69,20.45,hsv
20251112_102059,164,7.38,9.83,hsv
20251112_102103,465,21.47,21.61,yolo
20251112_102106,31,1.48,15.91,hsv
20251112_102110,479,20.18,19.94,hsv
20251112_102123,326,14.13,18.78,hsv
20251112_102126,564,24.03,20.24,yolo
20251112_102130,564,24.93,20.98,yolo
20251112_102134,564,24.50,15.17,yolo
20251112_102138,564,24.83,10.71,yolo
20251112_102142,564,24.70,18.99,yolo
20251112_102146,564,25.11,7.28,yolo
20251112_102150,564,24.69,20.68,yolo
20251112_102153,564,24.54,24.40,yolo
20251112_102157,547,23.54,20.45,yolo
20251112_102253,63,2.74,17.11,hsv
20251112_102256,66,2.61,3.45,hsv
20251112_102300,103,4.00,4.79,hsv
20251112_102306,799,32.72,4.27,yolo
20251112_102310,50,2.06,9.22,hsv
20251112_102314,48,1.98,20.08,hsv
20251112_102317,804,33.13,32.99,hsv
20251112_102321,804,33.13,32.91,hsv
20251112_102324,709,29.27,31.75,hsv
20251112_102328,782,32.53,32.36,hsv
20251112_103021,333,,,hsv
20251112_103028,46,,,hsv
20251112_103036,33,,,hsv
20251112_103041,47,2.07,2.07,hsv
20251112_103049,180,10.93,2.07,hsv
20251112_103127,644,24.21,6.55,yolo
20251112_103130,119,4.94,5.22,hsv
20251112_103133,118,4.98,4.98,hsv
20251112_103138,82,4.23,4.51,hsv
20251112_103654,870,31.06,23.00,hsv
20251112_103659,815,32.41,32.67,yolo
20251112_103703,781,33.04,32.57,yolo
20251112_103706,904,35.47,35.60,yolo
20251112_103709,923,35.31,36.10,yolo
20251112_103715,43,1.58,24.31,hsv
20251112_103814,605,24.59,24.40,hsv
20251112_104347,596,25.34,25.00,hsv
20251112_104350,596,27.21,27.04,hsv
20251112_104354,549,26.63,27.19,hsv
20251112_104357,596,32.35,32.25,hsv
20251112_104401,588,35.84,35.41,hsv
20251112_104405,556,31.20,31.72,hsv
20251112_104427,796,51.51,17.31,hsv
20251112_104430,749,35.85,35.74,hsv
20251112_104434,820,34.73,37.21,hsv
20251112_104438,820,34.35,33.47,hsv
20251112_104441,778,38.29,38.10,hsv
20251112_104445,780,41.29,41.51,hsv
20251112_104449,790,44.11,44.21,hsv
20251112_104452,792,43.51,44.72,hsv
20251112_104456,764,47.46,45.44,hsv
20251112_105421,915,22.34,23.02,hsv
20251112_105425,1013,22.24,23.92,hsv
20251112_105429,1014,21.66,21.21,hsv
20251112_105433,80,2.07,13.98,hsv
20251112_105437,991,22.77,22.86,hsv
20251112_105442,1080,21.56,21.13,hsv
20251112_105446,697,27.58,25.25,hsv
20251112_105450,891,21.59,21.80,hsv
20251112_105454,879,21.21,20.93,hsv
20251112_105458,1026,24.16,24.93,hsv
20251112_105502,1080,180.41,18.18,hsv
20251112_105506,169,24.78,76.31,hsv
20251112_105509,32,4.69,24.28,hsv
20251112_105513,141,20.67,18.27,hsv
20251112_105517,927,135.91,31.20,hsv
20251112_105544,1056,34.87,33.95,hsv
20251112_105548,1080,35.80,34.76,hsv
20251112_105552,1032,35.54,14.93,hsv
20251112_105556,1065,35.58,35.20,hsv
20251112_105601,1049,35.30,35.23,hsv
20251112_105605,954,32.69,32.30,hsv
20251112_105610,689,24.11,25.07,yolo
20251112_105615,744,29.24,25.97,yolo
20251112_105619,790,26.87,20.19,yolo
20251112_105624,944,32.89,19.76,yolo
20251112_105628,934,33.42,32.05,yolo
20251112_105633,967,36.37,35.70,yolo
20251112_105637,953,45.78,40.23,hsv
20251112_105641,81,3.45,16.53,hsv
20251112_110402,0,44,2.52,8.46,hsv,,212,1036,244,1080
20251112_110402,1,512,29.28,8.46,hsv,,263,481,624,993
20251112_110407,0,62,3.55,4.56,hsv,,422,801,468,863
20251112_110411,0,48,3.28,6.92,hsv,,902,944,917,992
20251112_110416,0,852,34.38,34.61,yolo,0.896,491,0,976,852
20251112_110420,0,836,33.93,33.62,yolo,0.936,444,0,976,836
20251112_110425,0,662,27.76,31.05,yolo,0.885,482,29,976,691
20251112_110429,0,775,33.12,34.57,yolo,0.830,494,58,976,833
20251112_110433,0,861,36.43,23.99,yolo,0.808,156,210,970,1071
20251112_110437,0,551,23.31,27.03,hsv,,0,529,301,1080
20251112_110448,0,864,34.16,5.79,yolo,0.512,700,0,1381,864
20251112_110451,0,55,2.15,6.08,hsv,,229,784,263,839
20251112_110455,0,32,1.25,4.91,hsv,,517,944,533,976
20251112_110455,1,42,1.64,4.91,hsv,,181,878,207,920
20251112_110455,2,56,2.19,4.91,hsv,,405,785,434,841
20251112_110455,3,32,1.25,4.91,hsv,,438,784,454,816
20251112_110455,4,179,6.99,4.91,hsv,,463,749,598,928
20251112_110459,0,976,35.61,36.70,yolo,0.868,212,6,1056,982
20251112_110506,0,189,6.94,12.59,hsv,,0,889,101,1078
20251112_110510,0,96,3.53,5.23,hsv,,214,928,294,1024
20251112_110510,1,144,5.29,5.23,hsv,,278,800,375,944
20251112_110514,0,847,31.12,4.42,hsv,,955,0,1127,847
20251112_110518,0,702,32.94,40.95,hsv,,464,235,676,937
20251112_110518,1,778,36.50,40.95,hsv,,311,161,471,939
20251112_110518,2,854,40.07,40.95,hsv,,708,155,916,1009
20251112_110523,0,730,30.93,37.31,hsv,,632,158,864,888
20251112_110523,1,794,33.65,37.31,hsv,,475,93,640,887
20251112_110523,2,896,37.97,37.31,hsv,,886,70,1125,966
20251112_110528,0,774,31.23,37.69,hsv,,637,165,896,939
20251112_110528,1,846,34.13,37.69,hsv,,473,103,654,949
20251112_110528,2,952,38.41,37.69,hsv,,903,68,1174,1020
20251112_112119,0,755,32.20,37.21,hsv,,476,221,684,976
20251112_112119,1,818,34.88,37.21,hsv,,195,128,431,946
20251112_112119,2,891,38.00,37.21,hsv,,753,94,1040,985
20251112_112123,0,754,31.62,36.99,hsv,,480,196,689,950
20251112_112123,1,820,34.39,36.99,hsv,,198,111,436,931
20251112_112123,2,897,37.62,36.99,hsv,,764,69,1041,966
20251112_112128,0,751,31.75,36.87,hsv,,489,169,699,920
20251112_112128,1,774,32.72,36.87,hsv,,210,85,445,859
20251112_112128,2,867,36.65,36.87,hsv,,777,42,1047,909
20251112_112132,0,754,31.49,36.16,hsv,,518,169,727,923
20251112_112132,1,784,32.74,36.16,hsv,,236,85,476,869
20251112_112132,2,879,36.71,36.16,hsv,,815,34,1086,913
20251112_112137,0,793,32.04,35.79,hsv,,569,116,791,909
20251112_112137,1,812,32.81,35.79,hsv,,273,23,519,835
20251112_112137,2,903,36.49,35.79,hsv,,861,0,1144,903
20251112_112142,0,757,31.13,36.36,hsv,,489,148,701,905
20251112_112142,1,780,32.08,36.36,hsv,,206,62,445,842
20251112_112142,2,881,36.23,36.36,hsv,,783,17,1058,898
20251112_112146,0,738,31.34,36.88,hsv,,429,195,633,933
20251112_112146,1,804,34.14,36.88,hsv,,152,113,388,917
20251112_112146,2,857,36.39,36.88,hsv,,713,65,977,922
20251112_112150,0,49,2.15,16.01,hsv,,624,927,654,976
20251112_112154,0,824,34.72,31.61,hsv,,604,177,913,1001
20251112_112154,1,728,30.68,31.61,hsv,,902,169,1144,897
20251112_112158,0,141,6.66,9.35,hsv,,976,895,1080,1036
20251112_113140,0,232,,,hsv,,1915,848,1920,1080
20251112_113145,0,31,,,hsv,,1008,1025,1024,1056
20251112_113145,1,31,,,hsv,,1574,930,1599,961
20251117_140002,0,42,,,hsv,,1166,1038,1185,1080
20251117_140002,1,61,,,hsv,,1458,961,1490,1022
20251117_140002,2,76,,,hsv,,1849,793,1869,869
20251117_140002,3,40,,,hsv,,99,791,128,831
20251117_140002,4,96,,,hsv,,224,720,288,816
20251117_140004,0,63,,,hsv,,939,986,991,1049
20251117_140004,1,116,,,hsv,,920,811,977,927
20251117_140004,2,266,,,hsv,,758,804,864,1070
20251117_140004,3,262,,,hsv,,574,633,663,895
20251117_140005,4,727,,,yolo,,354,99,867,826
20251117_140007,4,729,,,yolo,,607,127,1093,856
20251117_140009,4,750,,,yolo,,572,88,1069,838
20251117_140011,0,41,,,hsv,,1880,1039,1896,1080
20251117_140011,1,50,,,hsv,,8,1030,39,1080
20251117_140011,2,50,,,hsv,,1723,1017,1746,1067
20251117_140011,3,43,,,hsv,,98,1009,132,1052
20251117_140011,4,44,,,hsv,,1206,799,1237,843
20251117_140011,5,52,,,hsv,,869,776,896,828
20251117_140014,0,56,,,hsv,,1534,1024,1578,1080
20251117_140014,1,43,,,hsv,,1296,1023,1331,1066
20251117_140014,2,66,,,hsv,,208,947,249,1013
20251117_140014,3,34,,,hsv,,1023,944,1044,978
20251117_140014,4,34,,,hsv,,1253,943,1281,977
20251117_140014,5,34,,,hsv,,507,911,529,945
20251117_140014,6,81,,,hsv,,824,831,865,912
20251117_140014,7,51,,,hsv,,0,782,26,833
20251117_140016,0,39,,,hsv,,633,1041,657,1080
20251117_140016,1,40,,,hsv,,584,1040,616,1080
20251117_140016,2,41,,,hsv,,437,1039,461,1080
20251117_140016,3,73,,,hsv,,78,1007,123,1080
20251117_140016,4,33,,,hsv,,336,992,363,1025
20251117_140016,5,81,,,hsv,,648,991,683,1072
20251117_140016,6,34,,,hsv,,1464,927,1488,961
20251117_140016,7,65,,,hsv,,671,927,704,992
20251117_140016,8,38,,,hsv,,160,927,190,965
20251117_140016,9,145,,,hsv,,94,896,168,1041
20251117_140016,10,64,,,hsv,,1048,895,1083,959
20251117_140016,11,97,,,hsv,,792,880,872,977
20251117_140016,12,40,,,hsv,,1553,879,1585,919
20251117_140016,13,67,,,hsv,,335,863,368,930
20251117_140016,14,48,,,hsv,,612,848,641,896
20251117_140016,15,40,,,hsv,,1534,824,1553,864
20251117_140016,16,83,,,hsv,,352,734,386,817
20251117_140018,0,35,,,hsv,,1736,1033,1763,1068
20251117_140018,1,49,,,hsv,,1344,784,1376,833
20251117_140020,5,944,,,yolo,,539,154,1321,1098
20251117_140022,5,1015,,,yolo,,423,24,1248,1039
20251117_140024,0,47,,,hsv,,1413,1033,1451,1080
20251117_140026,0,31,,,hsv,,576,1041,596,1072
20251117_140026,1,63,,,hsv,,728,993,745,1056
20251117_140026,2,33,,,hsv,,1155,943,1177,976
20251117_140026,3,95,,,hsv,,1248,848,1314,943
20251117_140026,4,38,,,hsv,,16,812,43,850
20251117_140026,5,64,,,hsv,,0,768,21,832
20251117_140028,0,39,,,hsv,,1105,976,1126,1015
20251117_140028,1,35,,,hsv,,210,972,239,1007
20251117_140031,0,1080,,,hsv,,0,0,600,1080
20251117_140047,0,40,,,hsv,,163,928,190,968
20251117_140047,1,55,,,hsv,,22,906,45,961
20251117_140047,2,50,,,hsv,,291,903,313,953
20251117_140047,3,108,,,hsv,,431,895,475,1003
20251117_140047,4,62,,,hsv,,187,800,217,862
20251117_140050,0,41,,,hsv,,1424,879,1457,920
20251117_140050,1,34,,,hsv,,479,798,496,832
20251117_140050,2,82,,,hsv,,0,783,64,865
20251117_140050,3,66,,,hsv,,1088,779,1110,845
20251117_140052,0,989,,,hsv,,0,91,746,1080
20251117_140054,0,63,,,hsv,,659,1017,698,1080
20251117_140054,1,53,,,hsv,,1528,924,1548,977
20251117_140054,2,30,,,hsv,,768,905,792,935
20251117_140054,3,252,,,hsv,,0,801,48,1053
20251117_140056,0,63,,,hsv,,653,1001,672,1064
20251117_140056,1,36,,,hsv,,632,923,656,959
20251117_140056,2,628,,,hsv,,0,452,523,1080
20251117_140058,0,63,,,hsv,,922,992,952,1055
20251117_140058,1,57,,,hsv,,1113,832,1130,889
20251117_140101,0,34,,,hsv,,1268,932,1294,966
20251117_140101,1,127,,,hsv,,614,930,658,1057
20251117_140101,2,55,,,hsv,,1220,927,1247,982
20251117_140101,3,78,,,hsv,,1313,896,1376,974
20251117_140101,4,67,,,hsv,,528,831,566,898
20251117_140101,5,35,,,hsv,,360,809,382,844
20251117_140101,6,98,,,hsv,,319,737,358,835
20251117_140101,7,215,,,hsv,,612,705,657,920
20251117_140103,0,913,,,hsv,,0,0,616,913
20251117_140105,0,41,,,hsv,,1648,1039,1682,1080
20251117_140105,1,41,,,hsv,,1151,1039,1185,1080
20251117_140105,2,42,,,hsv,,1759,1038,1792,1080
20251117_140105,3,45,,,hsv,,184,1035,204,1080
20251117_140105,4,49,,,hsv,,920,1024,956,1073
20251117_140105,5,50,,,hsv,,870,1023,891,1073
20251117_140105,6,33,,,hsv,,1080,1008,1104,1041
20251117_140105,7,50,,,hsv,,1344,1007,1371,1057
20251117_140105,8,57,,,hsv,,807,1007,842,1064
20251117_140105,9,49,,,hsv,,1695,975,1719,1024
20251117_140105,10,48,,,hsv,,943,960,962,1008
20251117_140105,11,82,,,hsv,,1454,959,1506,1041
20251117_140105,12,34,,,hsv,,1183,959,1202,993
20251117_140105,13,48,,,hsv,,1865,928,1890,976
20251117_140105,14,64,,,hsv,,1823,928,1841,992
20251117_140105,15,154,,,hsv,,161,918,264,1072
20251117_140105,16,93,,,hsv,,756,884,800,977
20251117_140105,17,66,,,hsv,,1487,879,1522,945
20251117_140105,18,49,,,hsv,,1647,832,1665,881
20251117_140105,19,66,,,hsv,,1183,831,1201,897
20251117_140105,20,97,,,hsv,,1871,815,1912,912
20251117_140105,21,66,,,hsv,,1199,799,1249,865
20251117_140105,22,60,,,hsv,,175,772,197,832
20251117_140105,23,66,,,hsv,,1806,767,1857,833
20251117_140105,24,50,,,hsv,,1550,767,1569,817
20251117_140105,25,65,,,hsv,,1088,767,1138,832
20251117_140107,0,47,,,hsv,,704,976,737,1023
20251117_140107,1,31,,,hsv,,976,959,1001,990
20251117_140107,2,82,,,hsv,,751,927,818,1009
20251117_140107,3,42,,,hsv,,0,918,19,960
20251117_140107,4,50,,,hsv,,967,895,993,945
20251117_140107,5,39,,,hsv,,1888,865,1920,904
20251117_140107,6,114,,,hsv,,1183,815,1233,929
20251117_140107,7,63,,,hsv,,1871,800,1901,863
20251117_140107,8,65,,,hsv,,512,767,552,832
20251117_140107,9,1080,,,hsv,,0,0,805,1080
20251117_140109,0,48,,,hsv,,294,1032,325,1080
20251117_140109,1,63,,,hsv,,1904,929,1920,992
20251117_140109,2,34,,,hsv,,671,911,689,945
20251117_140109,3,80,,,hsv,,1871,831,1920,911
20251117_140109,4,66,,,hsv,,767,831,801,897
20251117_140109,5,65,,,hsv,,783,784,833,849
20251117_140109,6,82,,,hsv,,619,767,662,849
20251117_140111,0,41,,,hsv,,1429,1039,1456,1080
20251117_140111,1,93,,,hsv,,872,894,922,987
20251117_140111,2,209,,,hsv,,1040,871,1121,1080
20251117_140111,3,199,,,hsv,,1599,773,1730,972
20251117_140111,4,75,,,hsv,,1889,757,1920,832
20251117_140113,0,95,,,hsv,,1328,985,1373,1080
20251117_140113,1,120,,,hsv,,1228,960,1322,1080
20251117_140113,2,39,,,hsv,,1330,958,1360,997
20251117_140113,3,105,,,hsv,,1008,792,1046,897
20251117_140113,4,34,,,hsv,,736,783,753,817
20251117_140115,0,50,,,hsv,,623,975,657,1025
20251117_140115,1,112,,,hsv,,863,945,955,1057
20251117_140115,2,136,,,hsv,,1272,944,1332,1080
20251117_140115,3,97,,,hsv,,671,943,717,1040
20251117_140115,4,146,,,hsv,,1178,928,1284,1074
20251117_140115,5,45,,,hsv,,895,898,920,943
20251117_140117,0,33,,,hsv,,912,992,928,1025
20251117_140117,1,33,,,hsv,,730,960,753,993
20251117_140117,2,32,,,hsv,,1279,848,1297,880
20251117_140117,3,35,,,hsv,,688,848,703,883
20251117_140117,4,49,,,hsv,,832,799,865,848
20251117_140119,0,38,,,hsv,,1395,1042,1424,1080
20251117_140119,1,34,,,hsv,,815,927,833,961
20251117_140119,2,50,,,hsv,,303,895,330,945
20251117_140119,3,73,,,hsv,,1471,887,1510,960
20251117_140119,4,228,,,hsv,,1349,852,1515,1080
20251117_140119,5,50,,,hsv,,256,847,281,897
20251117_140119,6,119,,,hsv,,1840,842,1920,961
20251117_140119,7,45,,,hsv,,442,800,463,845
20251117_140119,8,83,,,hsv,,1513,777,1567,860
20251117_140121,0,137,,,hsv,,702,943,801,1080
20251117_140121,1,87,,,hsv,,59,938,95,1025
20251117_140121,2,122,,,hsv,,1096,857,1169,979
20251117_140124,0,65,,,hsv,,948,816,974,881
20251117_140124,1,169,,,hsv,,1512,699,1624,868
20251117_140126,0,51,,,hsv,,782,959,817,1010
20251117_140126,1,32,,,hsv,,0,792,25,824
20251117_140128,0,44,,,hsv,,1849,1007,1880,1051
20251117_140128,1,50,,,hsv,,325,1003,350,1053
20251117_140128,2,79,,,hsv,,424,976,472,1055
20251117_140128,3,40,,,hsv,,392,968,410,1008
20251117_140128,4,35,,,hsv,,504,959,524,994
20251117_140128,5,61,,,hsv,,424,916,449,977
20251117_140128,6,60,,,hsv,,0,856,20,916
20251117_140128,7,65,,,hsv,,635,831,673,896
20251117_140128,8,32,,,hsv,,384,831,404,863
20251117_140128,9,81,,,hsv,,528,830,559,911
20251117_140128,10,34,,,hsv,,424,799,442,833
20251117_140128,11,820,,,hsv,,0,260,408,1080
20251117_140130,0,45,,,hsv,,1048,1023,1084,1068
20251117_140130,1,37,,,hsv,,1103,927,1130,964
20251117_140132,0,52,,,hsv,,905,973,926,1025
20251117_140132,1,38,,,hsv,,1497,923,1520,961
20251117_140132,2,140,,,hsv,,893,805,977,945
20251117_140134,0,133,,,hsv,,1827,939,1912,1072
20251117_140134,1,79,,,hsv,,932,885,979,964
20251117_140134,2,102,,,hsv,,716,789,785,891
20251117_140136,0,120,,,hsv,,305,960,399,1080
20251117_140136,1,36,,,hsv,,1299,950,1327,986
20251117_140136,2,42,,,hsv,,1331,928,1350,970
20251117_140136,3,199,,,hsv,,120,881,231,1080
20251117_140136,4,78,,,hsv,,161,777,224,855
20251117_140136,5,73,,,hsv,,237,762,266,835
20251117_140136,6,135,,,hsv,,0,707,45,842
20251117_140139,0,1080,,,hsv,,0,0,453,1080
20251117_140141,0,50,,,hsv,,1145,1030,1182,1080
20251117_140141,1,48,,,hsv,,1136,975,1162,1023
20251117_140141,2,1080,,,hsv,,0,0,716,1080
20251117_140143,0,33,,,hsv,,662,1005,687,1038
20251117_140143,1,47,,,hsv,,1175,933,1209,980
20251117_140143,2,125,,,hsv,,625,827,705,952
20251117_140433,1,737,,,yolo,,800,109,1315,846
20251117_140435,1,738,,,yolo,,802,112,1315,850
20251117_140436,1,741,,,yolo,,803,110,1315,851
20251117_140438,1,739,,,yolo,,798,111,1314,850
20251117_140440,1,736,,,yolo,,796,112,1314,848
20251117_140443,1,752,,,yolo,,797,114,1314,866
20251117_140445,1,752,,,yolo,,798,111,1314,863
20251117_140447,1,751,,,yolo,,799,108,1314,859
20251117_140449,1,760,,,yolo,,802,114,1316,874
20251117_140451,1,757,,,yolo,,801,110,1313,867
20251117_140817,0,62,,,hsv,,1230,762,1255,824
20251117_140819,1,789,,,yolo,,807,114,1317,903
20251117_140821,1,790,,,yolo,,810,116,1320,906
20251117_140823,1,788,,,yolo,,810,115,1318,903
20251117_140826,1,732,,,yolo,,832,122,1308,854
20251117_140828,1,791,,,yolo,,807,114,1318,905
20251117_140830,1,791,,,yolo,,798,114,1321,905
20251117_140832,1,770,,,yolo,,810,125,1309,895
20251117_140835,1,794,,,yolo,,812,114,1320,908
20251117_140837,1,795,,,yolo,,810,113,1321,908
20251117_141030,0,78,,,hsv,,1232,737,1258,815
20251117_141032,1,812,,,yolo,,817,112,1331,924
20251117_141034,1,824,,,yolo,,688,111,1190,935
20251117_141036,1,818,,,yolo,,681,109,1180,927
20251117_141039,1,820,,,yolo,,683,110,1182,930
20251117_141041,1,818,,,yolo,,680,109,1184,927
20251117_141044,1,818,,,yolo,,682,109,1180,927
20251117_141046,1,821,,,yolo,,684,109,1184,930
20251117_141049,1,820,,,yolo,,685,109,1185,929
20251117_141051,1,821,,,yolo,,684,108,1181,929
20251117_141054,1,822,,,yolo,,685,109,1184,931
20251117_141056,1,820,,,yolo,,681,108,1183,928
20251117_141215,1,828,,,yolo,,685,118,1173,946
20251117_141218,0,74,3.82,3.39,hsv,,387,953,434,1027
20251117_141218,1,54,2.79,3.39,hsv,,360,912,390,966
20251117_141220,0,56,2.85,2.93,hsv,,399,961,430,1017
20251117_141220,1,64,3.26,2.93,hsv,,369,919,400,983
20251117_141222,0,46,2.34,3.65,hsv,,405,917,440,963
20251117_141225,0,40,2.03,3.57,hsv,,414,990,440,1030
20251117_141228,0,52,2.60,2.53,hsv,,308,875,336,927
20251117_141230,0,55,2.75,2.71,hsv,,364,876,393,931
20251117_141233,0,39,1.91,2.24,hsv,,231,856,256,895
20251117_141233,1,95,4.65,2.24,hsv,,343,851,393,946
20251117_141235,0,45,2.12,2.21,hsv,,279,862,308,907
20251117_141249,0,76,3.27,17.91,hsv,,983,885,1038,961
20251117_141252,0,37,1.59,20.13,hsv,,1052,899,1081,936
20251117_141252,1,63,2.70,20.13,hsv,,992,883,1044,946
20251117_141256,1,842,36.06,33.52,yolo,,0,125,451,967
20251117_141300,1,853,36.92,26.07,yolo,,0,117,449,970
20251117_141303,1,852,36.82,30.21,yolo,,0,121,449,973
20251117_141307,1,860,37.03,26.52,yolo,,1,130,456,990
20251117_141311,1,869,37.95,27.18,yolo,,0,103,454,972
20251117_141314,1,896,39.13,31.09,yolo,,0,92,465,988
20251117_141317,1,891,38.91,29.16,yolo,,0,96,468,987
20251117_141319,1,898,39.37,29.42,yolo,,0,101,464,999
20251117_141322,1,905,39.07,25.44,yolo,,0,95,466,1000
20251117_141325,1,907,38.25,30.51,yolo,,0,96,466,1003
20251117_141328,1,888,36.96,24.61,yolo,,0,110,463,998
20251117_141332,1,880,36.68,33.30,yolo,,0,118,465,998
20251117_141336,1,886,37.02,28.52,yolo,,0,120,462,1006
20251117_141523,1,684,,,yolo,,800,79,1385,763
20251117_141525,2,778,22.23,9.80,yolo,,11,60,628,838
20251117_141527,2,759,21.70,15.10,yolo,,-6,73,551,832
20251117_141529,2,759,21.80,15.53,yolo,,0,75,552,834
20251117_141531,2,769,21.86,15.45,yolo,,-1,66,543,835
20251117_141534,2,776,21.95,14.41,yolo,,-1,51,562,827
20251117_141536,2,781,22.06,17.21,yolo,,1,56,563,837
20251117_141539,2,761,21.47,14.86,yolo,,1,76,560,837
20251117_141541,2,767,21.46,19.13,yolo,,3,66,572,833
20251117_141543,2,762,21.38,17.36,yolo,,0,71,573,833
20251117_141545,2,776,21.84,15.83,yolo,,3,57,582,833
20251117_141548,2,770,21.69,13.36,yolo,,-2,64,559,834
20251117_141551,2,762,21.26,15.24,yolo,,4,76,575,838
20251117_141555,2,750,20.79,15.15,yolo,,-1,86,560,836
20251117_141559,2,747,20.68,19.68,yolo,,-1,89,567,836
20251117_141816,1,811,,,yolo,,855,72,1541,883
20251117_141819,2,761,25.85,20.94,yolo,,8,90,667,851
20251117_141821,2,752,25.16,17.60,yolo,,3,96,635,848
20251117_141823,2,754,24.80,17.68,yolo,,6,93,631,847
20251117_141839,0,40,,,hsv,,1862,988,1885,1028
20251117_141839,1,44,,,hsv,,1720,897,1744,941
20251117_141839,2,748,,,hsv,,1008,111,1361,859
20251117_141841,0,67,1.49,3.68,hsv,,967,960,1022,1027
20251117_141841,1,276,6.15,3.68,hsv,,0,709,163,985
20251117_141844,0,41,0.91,9.40,hsv,,697,845,723,886
20251117_141844,1,262,5.84,9.40,hsv,,0,708,152,970
20251117_141848,0,60,1.42,10.73,hsv,,944,976,967,1036
20251117_141848,1,271,6.40,10.73,hsv,,0,708,179,979
20251117_141851,0,64,1.51,8.51,hsv,,946,967,974,1031
20251117_141854,2,750,17.61,13.90,yolo,,1,109,541,859
20251117_141956,0,280,7.18,16.20,hsv,,0,708,208,988
20251117_141956,1,739,18.95,16.20,hsv,,206,117,583,856
20251117_141958,1,784,20.06,14.74,yolo,,18,72,651,856
20251117_142000,1,778,19.86,16.45,yolo,,-1,91,592,869
20251117_142002,1,769,19.68,15.08,yolo,,15,95,675,864
20251117_142005,1,754,19.29,16.12,yolo,,9,102,695,856
20251117_142007,1,757,19.37,14.51,yolo,,4,102,686,859
20251117_142009,1,753,19.27,15.13,yolo,,6,101,679,854
20251117_142012,1,753,19.27,14.81,yolo,,7,102,688,855
20251117_142014,1,750,19.19,14.62,yolo,,4,106,683,856
20251117_142017,1,754,19.29,15.63,yolo,,3,100,613,854
20251117_142021,1,740,18.94,15.81,yolo,,1,123,609,863
20251117_142025,1,748,19.14,15.15,yolo,,7,107,662,855
20251117_142028,1,747,19.12,17.05,yolo,,7,106,667,853
20251117_142032,1,747,19.12,14.03,yolo,,9,106,664,853
20251117_142035,1,735,18.92,15.17,yolo,,17,126,629,861
20251117_142037,1,748,19.22,15.75,yolo,,5,109,660,857
20251117_142039,1,752,19.10,14.28,yolo,,15,117,709,869
20251117_142042,1,749,18.90,15.66,yolo,,5,104,660,853
20251117_142044,1,755,19.00,14.18,yolo,,8,98,662,853
20251117_142047,1,745,18.83,17.44,yolo,,4,111,661,856
20251117_142106,1,778,20.32,2.08,yolo,,17,83,710,861
20251117_142109,1,779,20.31,16.95,yolo,,19,83,650,862
20251117_142112,1,797,20.73,16.16,yolo,,37,64,715,861
20251117_142131,1,736,19.02,14.74,yolo,,64,115,628,851
20251117_142134,1,757,19.55,15.43,yolo,,66,105,645,862
20251117_142137,1,724,18.67,14.76,yolo,,77,137,679,861
20251117_142141,1,753,19.42,15.49,yolo,,67,106,643,859
20251117_142145,1,755,19.48,13.38,yolo,,71,98,657,853
20251117_142148,1,785,20.28,15.13,yolo,,77,65,666,850
20251117_154706,0,39,,,hsv,,16,1024,39,1063
20251117_154716,0,67,,,hsv,,1721,953,1762,1020
20251117_154733,0,30,,,hsv,,494,1039,518,1069
20251117_154733,1,47,,,hsv,,159,1033,186,1080
20251117_154733,2,37,,,hsv,,216,1021,245,1058
20251117_154733,3,40,,,hsv,,994,1009,1024,1049
20251117_154733,4,32,,,hsv,,867,1009,891,1041
20251117_154733,5,79,,,hsv,,93,984,117,1063
20251117_154733,6,53,,,hsv,,333,974,367,1027
20251117_154733,7,35,,,hsv,,934,952,957,987
20251117_154733,8,49,,,hsv,,638,879,676,928
20251117_154733,9,75,,,hsv,,768,877,821,952
20251117_154733,10,52,,,hsv,,280,832,311,884
20251117_154733,11,48,,,hsv,,858,817,894,865
20251117_154733,12,41,,,hsv,,906,791,938,832
20251117_154733,13,54,,,hsv,,1159,756,1175,810
20251117_154743,0,55,,,hsv,,1882,1025,1905,1080
20251117_154758,0,39,,,hsv,,1751,1041,1775,1080
20251117_154822,0,50,1.04,1.04,hsv,,132,891,151,941
20251117_154833,0,45,0.84,0.85,hsv,,36,848,66,893
20251117_154845,0,191,3.79,1.44,hsv,,154,632,251,823
20251117_154857,0,43,0.85,0.96,hsv,,92,827,117,870
20251117_154908,0,81,1.61,0.94,hsv,,806,422,869,503
20251117_164629,0,161,,,hsv,,1336,767,1431,928
20251117_165034,0,41,9.59,9.59,hsv,,160,466,182,507
20251117_165044,0,34,8.40,9.70,hsv,,169,501,192,535
20251117_165139,0,39,,,hsv,,1495,912,1520,951
20251117_165139,1,79,,,hsv,,289,880,345,959
20251117_165149,0,49,,,hsv,,1312,949,1335,998
20251117_171103,5,461,,,yolo,5.000,688,472,1903,933
20251117_171113,5,467,,,yolo,5.000,666,585,1860,1052
20251117_171123,6,1050,,,yolo,6.000,1422,14,1889,1064
20251117_173745,2,370,,,yolo,2.000,884,0,1629,370
20251117_173755,2,399,,,yolo,2.000,1071,348,1901,747
20251117_173857,2,306,,,yolo,,1036,480,1600,786
20251117_173857,3,222,,,yolo_unconfirmed,,8,855,408,1077
20251117_173907,8,612,,,yolo,,670,206,1774,818
20251117_173917,8,571,,,yolo,,710,258,1791,829
20251117_174506,0,31,,,hsv,,1009,1010,1031,1041
20251117_174518,0,36,,,hsv,,1057,1007,1087,1043
20251117_174640,1,754,,,yolo,,457,140,1486,894
20251117_174650,1,731,,,yolo_unconfirmed,,382,209,1370,940
20251117_174650,2,860,,,yolo_unconfirmed,,482,2,1822,862
20251117_174650,3,795,,,yolo,,720,-10,1821,785
20251117_174700,3,650,,,yolo,,757,405,1639,1055
20251117_174700,5,307,,,yolo_unconfirmed,,1727,24,1931,331
20251117_174711,3,562,,,yolo,,579,366,1480,928
20251117_174711,9,165,,,yolo_unconfirmed,,1169,391,1556,556
20251117_174711,10,440,,,yolo_unconfirmed,,629,330,1385,770
20251117_174721,3,533,,,yolo,,560,355,1453,888
20251117_174721,9,156,,,yolo_unconfirmed,,1158,380,1521,536
20251117_174721,6,551,,,yolo_unconfirmed,,325,374,1075,925
20251117_174731,3,526,,,yolo,,561,352,1458,878
2025-11-21 18:58:52,3,194.10640957540417
2025-11-21 18:59:02,8,0
2025-11-21 18:59:12,6,0
2025-11-21 19:00:48,10,172.75732544024217
2025-11-21 19:00:59,13,30.57936709448882
2025-11-21 19:01:14,14,135.8891221609907
2025-11-21 19:01:26,18,148.19341554424457
2025-11-21 19:01:36,21,67.4447215579898
2025-11-21 19:01:59,18,78.48550572135518
2025-11-21 21:04:47,1,0
2025-11-21 21:05:07,3,31.56738581272674
2025-11-21 21:05:22,6,0
2025-11-21 21:05:32,7,24.439650996666106
2025-11-21 21:05:42,6,15.55977181174352
2025-11-21 21:05:52,6,20.166398932343448
2025-11-21 21:06:02,14,14.17044495522802
2025-11-21 21:06:12,19,18.771758331933793
2025-11-21 21:14:19,3,60.99653240656759
2025-11-21 21:14:29,4,27.453294557565265
2025-11-21 21:14:39,6,25.653590919970725
2025-11-21 21:14:49,6,26.682551618474296
2025-11-21 21:14:59,6,27.623356335345385
2025-11-21 21:15:09,6,33.12377980187494
2025-11-21 21:15:19,6,42.369285175461755
2025-11-21 21:15:29,6,25.956885714229866
2025-11-22 09:21:48,2,27.38889703543464
2025-11-22 09:21:58,2,27.785198994450436
2025-11-22 09:22:09,3,22.35480199885484
2025-11-22 09:22:19,3,21.49007930862853
2025-11-22 09:22:29,3,19.509890265402678
2025-11-22 09:22:39,3,17.337164413660208
2025-11-22 09:22:49,3,20.53908305305851
2025-11-22 09:22:59,3,28.43593183459476
2025-11-22 09:23:09,5,21.5873701656925
2025-11-22 09:23:19,5,19.21203963031175
2025-11-22 09:23:29,7,23.789436631614702
2025-11-22 09:23:40,7,23.33657751460163
2025-11-22 09:23:50,9,15.439791032065033
2025-11-22 09:24:53,1,25.43176773593982
2025-11-22 09:25:03,1,25.190647906847715
2025-11-22 09:25:20,5,17.48014573295407
2025-11-22 09:25:30,7,26.09747664576393
2025-11-22 09:25:40,7,33.77562738676051
2025-11-22 09:25:50,7,27.325458140992016
2025-11-22 09:32:40,1,28.13565555586631
2025-11-22 09:32:52,1,29.007052425825865
2025-11-22 09:33:02,8,25.744852761699835
2025-11-22 09:33:12,8,25.919244468649513
2025-11-22 09:33:22,17,24.526794257879537
2025-11-22 09:33:33,23,22.968639999383583
2025-11-22 09:33:43,25,24.397016852095472
2025-11-22 09:33:53,25,27.412972559163727
2025-11-22 09:34:03,25,27.743043928762223
2025-11-22 09:34:13,25,33.427325098724836
2025-11-22 10:20:44,1,295.46472892891336
2025-11-22 10:20:54,1,28.11559181545894
2025-11-22 10:21:04,1,26.67973277317791
2025-11-22 10:21:14,1,26.36934968047973
2025-11-22 10:21:29,5,20.158612349866278
2025-11-22 10:21:56,8,27.609049888047828
2025-11-22 10:22:06,10,26.619239306861704
2025-11-22 10:22:16,10,28.730109213031113
2025-11-22 10:22:27,10,33.45557288804461
2025-11-22 10:22:37,10,30.461870053557195
2025-11-22 10:22:48,18,24.247436166651404
2025-11-22 10:22:58,25,26.64798330588632
2025-11-22 10:23:08,25,27.45577432248855
2025-11-22 10:23:18,25,30.982936227625327
2025-11-22 10:23:28,28,26.921314502399753
2025-11-22 10:23:39,28,24.975363816060455
2025-11-22 10:23:49,30,23.84276695611741
2025-11-22 10:23:59,33,27.949498657358212
2025-11-22 10:24:09,33,27.140860711123057
2025-11-22 10:24:19,33,28.076287362509753
2025-11-22 10:43:31,2,26.263625658979056
2025-11-22 10:43:41,2,24.977690770194076
2025-11-22 10:43:52,4,21.42508531180318
2025-11-22 10:44:02,5,15.265745125942251
2025-11-22 10:44:12,12,23.87939132605701
2025-11-25 09:05:21,3,11.608776982942492
2025-11-25 09:05:31,7,26.10361919402885
2025-11-25 09:05:41,4,20.524030771967478
2025-11-25 09:05:51,4,27.11493830339142
2025-11-25 09:06:02,16,22.43186818786596
2025-11-25 09:06:12,4,28.75175633805663
2025-11-25 09:06:22,4,26.124411828666346
2025-11-25 09:06:33,21,19.545086067155378
2025-11-25 09:06:43,19,27.251980014543204
2025-11-25 09:06:53,19,25.482577750490165
2025-11-25 09:07:04,19,24.753607084738917
2025-11-25 09:07:17,27,8.323010491002277
2025-11-25 09:07:41,31,7.07717230563356
2025-11-25 09:10:56,2,22.362575513098484
2025-11-25 09:11:07,9,18.84769236940243
2025-11-25 09:11:18,9,25.785413642969086
2025-11-25 09:11:28,9,27.189934777300287
2025-11-25 09:11:38,12,23.420259719058482
2025-11-25 09:11:48,12,22.57143051218807
2025-11-25 09:11:58,18,25.2163603541589
2025-11-25 09:12:08,22,13.81967238415541
2025-11-25 09:12:18,22,19.391593120238277
2025-11-25 09:12:28,23,25.614780230977654
2025-11-25 09:12:57,24,25.74392631716896
2025-11-25 09:13:07,29,27.770588361365764
2025-11-25 09:13:17,29,26.94014552210688
2025-11-25 09:13:27,29,24.876277321378716
2025-11-25 09:13:37,29,24.31056482810792
2025-11-25 09:14:05,34,57.286855283415704
2025-11-25 09:14:15,34,50.557661017068156
2025-11-25 09:14:27,41,34.12296528487241
2025-11-25 09:14:37,41,42.39621537716499
2025-11-25 09:14:47,52,25.710346861892713
2025-11-25 09:14:58,52,48.216014300709105
2025-11-25 09:15:09,67,34.523504759760435
2025-11-25 09:15:22,68,23.75282036260973
2025-11-25 09:15:32,83,17.9848401805024
2025-11-25 09:15:48,92,16.385721501499194
2025-11-25 09:15:58,97,23.183728696836496
2025-11-25 09:16:09,101,17.065060454020937
2025-11-25 09:16:25,105,17.8599335589761
2025-11-25 09:16:40,106,13.271051636146801
2025-11-25 09:16:50,113,24.568316190216038
2025-11-25 09:17:00,113,24.19085473824714
2025-11-25 09:17:10,113,22.95624155568171
2025-11-25 09:17:21,113,37.92826406244517
2025-11-25 16:52:05,1,13.523064
2025-11-25 16:52:15,1,23.328373
2025-11-25 16:54:32,1,24.424059
2025-11-25 16:54:42,1,24.506037
2025-11-25 16:54:52,1,24.32155
2025-11-25 16:55:20,1,23.884836
2025-11-25 16:55:30,1,24.490791
2025-11-25 16:56:59,1,25.393486
2025-11-25 16:57:09,1,24.312672
2025-11-25 16:57:20,2,15.632789
2025-11-25 16:57:30,2,15.280699
2025-11-25 16:57:40,2,15.838998
2025-11-25 16:58:26,1,26.640348
2025-11-25 16:58:36,1,26.639103
2025-11-25 16:58:46,1,26.433762
2025-11-25 16:58:56,1,26.403515
2025-11-25 16:59:06,1,26.542564
